split,window,pair,vol_tracking_error,drawdown,tail_loss,turnover,cost_adjusted_sharpe,exposure_convexity
0,train,usdt_crypto_intraday_rv_1d__naive_scaling,0.017287538767691468,0.001870782627901968,0.0002454751654530056,0.02351655110445078,4.736474418077502,
0,train,usdt_crypto_intraday_rv_1d__hysteresis,0.017208568397840403,0.0019338642987708488,0.0002561899003130469,0.03120125202229149,4.309508345030148,
0,train,usdt_crypto_intraday_rv_1d__vol_target_clip,0.017208568397840403,0.0019338642987708488,0.0002561899003130469,0.03120125202229149,4.309508345030148,
0,train,usdt_crypto_intraday_rv_1d__variance_scaling,0.017049935756693075,0.0019751898132702728,0.00031946470205644113,0.07343419271674682,2.0451286182620554,
0,train,usdt_crypto_intraday_rv_1d__drawdown_brake,0.017287538767691468,0.001870782627901968,0.0002454751654530056,0.02351655110445078,4.736474418077502,
0,train,usdt_crypto_intraday_rv_1d__drawdown_modulated,0.017287538767691468,0.001870782627901968,0.0002454751654530056,0.02351655110445078,4.736474418077502,
0,train,usdt_crypto_intraday_rv_1d__priority_stack,0.017273882136796995,0.0018684290470566411,0.00024595071889947206,0.02277557478981497,4.857115026613312,
0,train,usdt_crypto_intraday_rv_1d__regime_switch,0.017420117957487352,0.001870782627902079,0.0002424614777378614,0.03272059693374446,4.699157485637931,
0,train,usdt_crypto_intraday_rv_1d__trend_filter,0.01763620295736276,0.0015829794226310812,0.0002052498546335024,0.018851846631120533,6.498186115241433,
0,train,usdt_crypto_intraday_rv_1d__vol_shock_throttle,0.0172177610232622,0.0019338642987708488,0.0002567922171886057,0.03506527399378244,4.26007371925988,
0,train,usdt_crypto_intraday_rv_1d__peg_aware_vol,0.01730252052374277,0.0019446544947019362,0.0002575826009779485,0.034499569277127023,4.195493004293589,
0,train,usdt_crypto_intraday_rv_3d__naive_scaling,0.017162594237623573,0.00203714220478568,0.00024917586703829134,0.009175840927275145,4.901933627112721,
0,train,usdt_crypto_intraday_rv_3d__hysteresis,0.017285409735851995,0.0018868902370536844,0.0002451668811225687,0.011183178991178194,5.065143449460947,
0,train,usdt_crypto_intraday_rv_3d__vol_target_clip,0.017285409735851995,0.0018868902370536844,0.0002451668811225687,0.011183178991178194,5.065143449460947,
0,train,usdt_crypto_intraday_rv_3d__variance_scaling,0.01712895727822848,0.0019309538893318434,0.0002980928911036286,0.030155904013407356,3.3365720672823627,
0,train,usdt_crypto_intraday_rv_3d__drawdown_brake,0.017162594237623573,0.00203714220478568,0.00024917586703829134,0.009175840927275145,4.901933627112721,
0,train,usdt_crypto_intraday_rv_3d__drawdown_modulated,0.017162594237623573,0.00203714220478568,0.00024917586703829134,0.009175840927275145,4.901933627112721,
0,train,usdt_crypto_intraday_rv_3d__priority_stack,0.017293039587172133,0.0018713960084260073,0.00024049139166025993,0.009531281515497555,5.285633150833449,
0,train,usdt_crypto_intraday_rv_3d__regime_switch,0.017364333369072164,0.001860415241657809,0.00023721745049179766,0.011227378776648074,5.282411535335381,
0,train,usdt_crypto_intraday_rv_3d__trend_filter,0.017719725394742585,0.0015238951832960979,0.00019062093313917066,0.005931418794974305,7.289454611426017,
0,train,usdt_crypto_intraday_rv_3d__vol_shock_throttle,0.017285700569657805,0.0018868902370536844,0.0002451668811225687,0.012069351464658935,5.057381972718305,
0,train,usdt_crypto_intraday_rv_3d__peg_aware_vol,0.0173173832944669,0.0019564857904389443,0.00025097609052282993,0.015224034390469005,4.801151693220546,
0,train,usdt_crypto_intraday_rv_7d__naive_scaling,0.017276708734892243,0.0019064980468270765,0.00024114074645925664,0.003516263521894994,5.387368743154619,
0,train,usdt_crypto_intraday_rv_7d__hysteresis,0.0172687653665152,0.0019064980468270765,0.00024322296490046676,0.00482071713581728,5.274880489032063,
0,train,usdt_crypto_intraday_rv_7d__vol_target_clip,0.0172687653665152,0.0019064980468270765,0.00024322296490046676,0.00482071713581728,5.274880489032063,
0,train,usdt_crypto_intraday_rv_7d__variance_scaling,0.017182884425149647,0.0019230922853645804,0.0002876968233811803,0.012878706972019163,3.965449693890466,
0,train,usdt_crypto_intraday_rv_7d__drawdown_brake,0.017276708734892243,0.0019064980468270765,0.00024114074645925664,0.003516263521894994,5.387368743154619,
0,train,usdt_crypto_intraday_rv_7d__drawdown_modulated,0.017276708734892243,0.0019064980468270765,0.00024114074645925664,0.003516263521894994,5.387368743154619,
0,train,usdt_crypto_intraday_rv_7d__priority_stack,0.017426346447125613,0.001719443186816605,0.00023311098638569914,0.004564903013632904,5.852452259243778,
0,train,usdt_crypto_intraday_rv_7d__regime_switch,0.017463398557451052,0.0017773892214165699,0.00022483587232662803,0.0065654158690969695,5.797812585995872,
0,train,usdt_crypto_intraday_rv_7d__trend_filter,0.017656934443985424,0.0016153474190812034,0.00019390560295945574,0.002758306938414468,7.3222274489930355,
0,train,usdt_crypto_intraday_rv_7d__vol_shock_throttle,0.017270159006660256,0.0019064980468270765,0.00024322296490046676,0.0052372194879707935,5.254693949705686,
0,train,usdt_crypto_intraday_rv_7d__peg_aware_vol,0.01738432892908745,0.001901470789491655,0.00024221025134395043,0.007402239924816619,5.2457019432974095,
0,train,usdt_crypto_range_gk_20d__naive_scaling,0.007667994803425473,0.03272824288872267,0.0013622753502008926,0.014375584778683632,-2.5580782785719838,
0,train,usdt_crypto_range_gk_20d__hysteresis,0.0076687507295203385,0.03272940454621465,0.0013619903140471396,0.014375584778683632,-2.558332484911777,
0,train,usdt_crypto_range_gk_20d__vol_target_clip,0.0076687507295203385,0.03272940454621465,0.0013619903140471396,0.014375584778683632,-2.558332484911777,
0,train,usdt_crypto_range_gk_20d__variance_scaling,0.007914965593970865,0.031711312691437565,0.0013507293310030298,0.020308100666526226,-2.523405991659619,
0,train,usdt_crypto_range_gk_20d__drawdown_brake,0.010753862951888326,0.0176102431726336,0.0009994661476731483,0.007447635275333133,-1.7739970163048009,
0,train,usdt_crypto_range_gk_20d__drawdown_modulated,0.010753862951888326,0.0176102431726336,0.0009994661476731483,0.007447635275333133,-1.7739970163048009,
0,train,usdt_crypto_range_gk_20d__priority_stack,0.011238256370582051,0.016185284627569407,0.0009569608697026567,0.020103308351169993,-1.7372975422276733,
0,train,usdt_crypto_range_gk_20d__regime_switch,0.007761073660777055,0.03129566493920066,0.0013528110133066915,0.02341348567149959,-2.4566109270360084,
0,train,usdt_crypto_range_gk_20d__trend_filter,0.010797835622895336,0.01707811535035686,0.0009885855248175362,0.008125858429441595,-1.7236270544079193,
0,train,usdt_crypto_range_gk_20d__vol_shock_throttle,0.007864224709027565,0.032084477253266575,0.001353232935248513,0.019885262045489113,-2.56063979852572,
0,train,usdt_crypto_range_gk_20d__peg_aware_vol,0.007668381137065389,0.031475047437594106,0.001361808596322355,0.015539371709056778,-2.4613936451597755,
0,train,usdt_crypto_range_gk_60d__naive_scaling,0.008058412614176207,0.028379923952048025,0.0012622529328201939,0.014737658443831443,-2.360616445200066,
0,train,usdt_crypto_range_gk_60d__hysteresis,0.008060897870719315,0.028339521285879354,0.0012616489248876558,0.014732849911623814,-2.3576249991116374,
0,train,usdt_crypto_range_gk_60d__vol_target_clip,0.008060897870719315,0.028339521285879354,0.0012616489248876558,0.014732849911623814,-2.3576249991116374,
0,train,usdt_crypto_range_gk_60d__variance_scaling,0.00814148286714669,0.023930870671869164,0.0012557779269322686,0.0205678830970646,-1.9962720156628548,
0,train,usdt_crypto_range_gk_60d__drawdown_brake,0.011064422442723054,0.01416593898352303,0.0009206155482800885,0.010628069402735554,-1.5364489986143361,
0,train,usdt_crypto_range_gk_60d__drawdown_modulated,0.011064422442723054,0.01416593898352303,0.0009206155482800885,0.010628069402735554,-1.5364489986143361,
0,train,usdt_crypto_range_gk_60d__priority_stack,0.011538472465419749,0.013116142881018256,0.0008894994940927889,0.02085668269490949,-1.507221361394229,
0,train,usdt_crypto_range_gk_60d__regime_switch,0.008060897870719315,0.028339521285879354,0.0012616489248876558,0.014732849911623814,-2.3576249991116374,
0,train,usdt_crypto_range_gk_60d__trend_filter,0.011065314713167917,0.014087006001211266,0.0009206155482800885,0.01088317406081837,-1.5289932081317632,
0,train,usdt_crypto_range_gk_60d__vol_shock_throttle,0.008147767580959617,0.027654067416181483,0.0012578762535751641,0.019209926578868563,-2.332162454954696,
0,train,usdt_crypto_range_gk_60d__peg_aware_vol,0.008071295438371312,0.027875139565108342,0.0012628138447805383,0.014703608023338437,-2.335527147469056,
0,train,usdt_crypto_range_parkinson_20d__naive_scaling,0.007719655502598193,0.03324631204236861,0.0013665373703073815,0.012323016669176354,-2.612465510379615,
0,train,usdt_crypto_range_parkinson_20d__hysteresis,0.007718871376894785,0.03327637079921553,0.0013665373703073815,0.012349101142531804,-2.6148304761423815,
0,train,usdt_crypto_range_parkinson_20d__vol_target_clip,0.007718871376894785,0.03327637079921553,0.0013665373703073815,0.012349101142531804,-2.6148304761423815,
0,train,usdt_crypto_range_parkinson_20d__variance_scaling,0.007940072905060458,0.03243881136782967,0.0013526718437609781,0.0199510786256895,-2.590982061544312,
0,train,usdt_crypto_range_parkinson_20d__drawdown_brake,0.01075403731301284,0.01759708904883739,0.0009994661476731483,0.0073145807341300165,-1.7725822887863096,
0,train,usdt_crypto_range_parkinson_20d__drawdown_modulated,0.01075403731301284,0.01759708904883739,0.0009994661476731483,0.0073145807341300165,-1.7725822887863096,
0,train,usdt_crypto_range_parkinson_20d__priority_stack,0.011238155182171474,0.016186827312442142,0.0009569608697026567,0.019979541324835804,-1.7374564438429585,
0,train,usdt_crypto_range_parkinson_20d__regime_switch,0.007903787087660428,0.032981279120762874,0.0013529261913563097,0.02223830941366313,-2.6295723255275414,
0,train,usdt_crypto_range_parkinson_20d__trend_filter,0.010774117744828123,0.017718501760879857,0.0009994661476731483,0.0077902566091669154,-1.7898369364281015,
0,train,usdt_crypto_range_parkinson_20d__vol_shock_throttle,0.00786229561974988,0.03237671861379121,0.0013526718437609781,0.018175618595064752,-2.584782503913138,
0,train,usdt_crypto_range_parkinson_20d__peg_aware_vol,0.007709935413610477,0.03211519471409496,0.0013665373703073815,0.013685734827427132,-2.523182416061823,
0,train,usdt_crypto_composite_fast__naive_scaling,0.01570189132486808,0.003376041202116542,0.0004343936506129756,0.00717452147396797,1.1871874604493826,
0,train,usdt_crypto_composite_fast__hysteresis,0.015762918405081386,0.003291782051862202,0.0004296719751051916,0.008813821904072058,1.1910385148083835,
0,train,usdt_crypto_composite_fast__vol_target_clip,0.015762918405081386,0.003291782051862202,0.0004296719751051916,0.008813821904072058,1.1910385148083835,
0,train,usdt_crypto_composite_fast__variance_scaling,0.015585023752828112,0.004976886639887712,0.0005235551461330548,0.02335493885338351,-0.22031563934469942,
0,train,usdt_crypto_composite_fast__drawdown_brake,0.01570189132486808,0.003376041202116542,0.0004343936506129756,0.00717452147396797,1.1871874604493826,
0,train,usdt_crypto_composite_fast__drawdown_modulated,0.01570189132486808,0.003376041202116542,0.0004343936506129756,0.00717452147396797,1.1871874604493826,
0,train,usdt_crypto_composite_fast__priority_stack,0.015997336580167915,0.003025698401041499,0.000406398262153654,0.009457236388621667,1.4904818408004814,
0,train,usdt_crypto_composite_fast__regime_switch,0.01575549570276799,0.003376041202116542,0.00043410129906361355,0.010221909374567378,1.2018914924813375,
0,train,usdt_crypto_composite_fast__trend_filter,0.016505826589583272,0.002594027728884063,0.000341166455680793,0.0058130144319247035,2.6563933185914457,
0,train,usdt_crypto_composite_fast__vol_shock_throttle,0.015764932741630457,0.003291782051862202,0.0004296719751051916,0.009378858954043617,1.1738430900205523,
0,train,usdt_crypto_composite_fast__peg_aware_vol,0.015919394067438142,0.003269590843779757,0.0004262968364814968,0.010285421272731956,1.096040475506338,
0,train,usdt_crypto_composite_balanced__naive_scaling,0.01503804339366325,0.0040182021036191395,0.0005241924554940538,0.007007440259914904,0.34240511994975936,
0,train,usdt_crypto_composite_balanced__hysteresis,0.014927954849976654,0.004262238930267337,0.0005306932412558413,0.007697925880766812,0.2832186735133877,
0,train,usdt_crypto_composite_balanced__vol_target_clip,0.014927954849976654,0.004262238930267337,0.0005306932412558413,0.007697925880766812,0.2832186735133877,
0,train,usdt_crypto_composite_balanced__variance_scaling,0.014583404182167347,0.009522947535397619,0.0006662658225880765,0.020710009423284235,-1.1185264459040998,
0,train,usdt_crypto_composite_balanced__drawdown_brake,0.01503804339366325,0.0040182021036191395,0.0005241924554940538,0.007007440259914904,0.34240511994975936,
0,train,usdt_crypto_composite_balanced__drawdown_modulated,0.01503804339366325,0.0040182021036191395,0.0005241924554940538,0.007007440259914904,0.34240511994975936,
0,train,usdt_crypto_composite_balanced__priority_stack,0.015188490323719777,0.003928165559842656,0.0005098408273916246,0.011971488883875643,0.44168700147654877,
0,train,usdt_crypto_composite_balanced__regime_switch,0.015093739506839753,0.0040182021036191395,0.000521175153203031,0.00898778168886645,0.30340179328271083,
0,train,usdt_crypto_composite_balanced__trend_filter,0.015746340454743477,0.003209004679045502,0.0004341194265522857,0.005851306823579693,1.3934335421471435,
0,train,usdt_crypto_composite_balanced__vol_shock_throttle,0.014929767427246336,0.004262238930267337,0.0005306932412558413,0.008434737936710445,0.26301111703236085,
0,train,usdt_crypto_composite_balanced__peg_aware_vol,0.015109993580988934,0.004218082639276588,0.0005262292375623356,0.00865323892547459,0.18159390812751863,
0,train,usdt_crypto_composite_slow__naive_scaling,0.013271670139806051,0.006915494203830863,0.0007124375915836087,0.008336476879938756,-0.6694873572439335,
0,train,usdt_crypto_composite_slow__hysteresis,0.01323390278476622,0.006965700949644993,0.0007166190910489608,0.008331819139456005,-0.706583195343457,
0,train,usdt_crypto_composite_slow__vol_target_clip,0.01323390278476622,0.006965700949644993,0.0007166190910489608,0.008331819139456005,-0.706583195343457,
0,train,usdt_crypto_composite_slow__variance_scaling,0.012364363077828917,0.017658325897401128,0.0009449854160692391,0.01849772105160022,-2.0308351276703935,
0,train,usdt_crypto_composite_slow__drawdown_brake,0.013271670139806051,0.006915494203830863,0.0007124375915836087,0.008336476879938756,-0.6694873572439335,
0,train,usdt_crypto_composite_slow__drawdown_modulated,0.013271670139806051,0.006915494203830863,0.0007124375915836087,0.008336476879938756,-0.6694873572439335,
0,train,usdt_crypto_composite_slow__priority_stack,0.013529023873001148,0.006761248343587378,0.0006945279519162013,0.01579682392284561,-0.6179554742561248,
0,train,usdt_crypto_composite_slow__regime_switch,0.013271670139806051,0.006915494203830863,0.0007124375915836087,0.008336476879938756,-0.6694873572439335,
0,train,usdt_crypto_composite_slow__trend_filter,0.014239337950355011,0.005111356797097288,0.0005952324348641893,0.006897137128761111,0.11228284607641971,
0,train,usdt_crypto_composite_slow__vol_shock_throttle,0.013232901701996421,0.006965700949644993,0.0007167376934694825,0.009240053001936125,-0.7243633689031496,
0,train,usdt_crypto_composite_slow__peg_aware_vol,0.013400308429093514,0.006893658835521843,0.0007117924397541268,0.008770654396776304,-0.7845476554333134,
