split,window,pair,qlike,rmse_vol,turning_point_delay,kupiec_lr,christoffersen_lr,violation_rate,qlike_high,qlike_low
0,train,btc_crypto_intraday_rv_1d__naive_scaling,0.16329350492169503,0.532401955096712,,,,,,
0,train,btc_crypto_intraday_rv_1d__hysteresis,0.16329350492169503,0.532401955096712,,,,,,
0,train,btc_crypto_intraday_rv_1d__vol_target_clip,0.16329350492169503,0.532401955096712,,,,,,
0,train,btc_crypto_intraday_rv_1d__variance_scaling,0.16329350492169503,0.532401955096712,,,,,,
0,train,btc_crypto_intraday_rv_1d__drawdown_brake,0.16329350492169503,0.532401955096712,,,,,,
0,train,btc_crypto_intraday_rv_1d__drawdown_modulated,0.16329350492169503,0.532401955096712,,,,,,
0,train,btc_crypto_intraday_rv_1d__priority_stack,0.16329350492169503,0.532401955096712,,,,,,
0,train,btc_crypto_intraday_rv_1d__regime_switch,0.16329350492169503,0.532401955096712,,,,,,
0,train,btc_crypto_intraday_rv_1d__trend_filter,0.16329350492169503,0.532401955096712,,,,,,
0,train,btc_crypto_intraday_rv_1d__vol_shock_throttle,0.16329350492169503,0.532401955096712,,,,,,
0,train,btc_crypto_intraday_rv_1d__peg_aware_vol,0.16329350492169503,0.532401955096712,,,,,,
0,train,btc_crypto_intraday_rv_3d__naive_scaling,0.1665450359505303,0.5302844368229895,,,,,,
0,train,btc_crypto_intraday_rv_3d__hysteresis,0.1665450359505303,0.5302844368229895,,,,,,
0,train,btc_crypto_intraday_rv_3d__vol_target_clip,0.1665450359505303,0.5302844368229895,,,,,,
0,train,btc_crypto_intraday_rv_3d__variance_scaling,0.1665450359505303,0.5302844368229895,,,,,,
0,train,btc_crypto_intraday_rv_3d__drawdown_brake,0.1665450359505303,0.5302844368229895,,,,,,
0,train,btc_crypto_intraday_rv_3d__drawdown_modulated,0.1665450359505303,0.5302844368229895,,,,,,
0,train,btc_crypto_intraday_rv_3d__priority_stack,0.1665450359505303,0.5302844368229895,,,,,,
0,train,btc_crypto_intraday_rv_3d__regime_switch,0.1665450359505303,0.5302844368229895,,,,,,
0,train,btc_crypto_intraday_rv_3d__trend_filter,0.1665450359505303,0.5302844368229895,,,,,,
0,train,btc_crypto_intraday_rv_3d__vol_shock_throttle,0.1665450359505303,0.5302844368229895,,,,,,
0,train,btc_crypto_intraday_rv_3d__peg_aware_vol,0.1665450359505303,0.5302844368229895,,,,,,
0,train,btc_crypto_intraday_rv_7d__naive_scaling,0.12398357335846807,0.5178201069300997,,,,,,
0,train,btc_crypto_intraday_rv_7d__hysteresis,0.12398357335846807,0.5178201069300997,,,,,,
0,train,btc_crypto_intraday_rv_7d__vol_target_clip,0.12398357335846807,0.5178201069300997,,,,,,
0,train,btc_crypto_intraday_rv_7d__variance_scaling,0.12398357335846807,0.5178201069300997,,,,,,
0,train,btc_crypto_intraday_rv_7d__drawdown_brake,0.12398357335846807,0.5178201069300997,,,,,,
0,train,btc_crypto_intraday_rv_7d__drawdown_modulated,0.12398357335846807,0.5178201069300997,,,,,,
0,train,btc_crypto_intraday_rv_7d__priority_stack,0.12398357335846807,0.5178201069300997,,,,,,
0,train,btc_crypto_intraday_rv_7d__regime_switch,0.12398357335846807,0.5178201069300997,,,,,,
0,train,btc_crypto_intraday_rv_7d__trend_filter,0.12398357335846807,0.5178201069300997,,,,,,
0,train,btc_crypto_intraday_rv_7d__vol_shock_throttle,0.12398357335846807,0.5178201069300997,,,,,,
0,train,btc_crypto_intraday_rv_7d__peg_aware_vol,0.12398357335846807,0.5178201069300997,,,,,,
0,train,btc_crypto_range_gk_20d__naive_scaling,0.20919780438446686,0.5367232405561884,,,,,,
0,train,btc_crypto_range_gk_20d__hysteresis,0.20919780438446686,0.5367232405561884,,,,,,
0,train,btc_crypto_range_gk_20d__vol_target_clip,0.20919780438446686,0.5367232405561884,,,,,,
0,train,btc_crypto_range_gk_20d__variance_scaling,0.20919780438446686,0.5367232405561884,,,,,,
0,train,btc_crypto_range_gk_20d__drawdown_brake,0.20919780438446686,0.5367232405561884,,,,,,
0,train,btc_crypto_range_gk_20d__drawdown_modulated,0.20919780438446686,0.5367232405561884,,,,,,
0,train,btc_crypto_range_gk_20d__priority_stack,0.20919780438446686,0.5367232405561884,,,,,,
0,train,btc_crypto_range_gk_20d__regime_switch,0.20919780438446686,0.5367232405561884,,,,,,
0,train,btc_crypto_range_gk_20d__trend_filter,0.20919780438446686,0.5367232405561884,,,,,,
0,train,btc_crypto_range_gk_20d__vol_shock_throttle,0.20919780438446686,0.5367232405561884,,,,,,
0,train,btc_crypto_range_gk_20d__peg_aware_vol,0.20919780438446686,0.5367232405561884,,,,,,
0,train,btc_crypto_range_gk_60d__naive_scaling,0.17059058510820735,0.5411856552188974,,,,,,
0,train,btc_crypto_range_gk_60d__hysteresis,0.17059058510820735,0.5411856552188974,,,,,,
0,train,btc_crypto_range_gk_60d__vol_target_clip,0.17059058510820735,0.5411856552188974,,,,,,
0,train,btc_crypto_range_gk_60d__variance_scaling,0.17059058510820735,0.5411856552188974,,,,,,
0,train,btc_crypto_range_gk_60d__drawdown_brake,0.17059058510820735,0.5411856552188974,,,,,,
0,train,btc_crypto_range_gk_60d__drawdown_modulated,0.17059058510820735,0.5411856552188974,,,,,,
0,train,btc_crypto_range_gk_60d__priority_stack,0.17059058510820735,0.5411856552188974,,,,,,
0,train,btc_crypto_range_gk_60d__regime_switch,0.17059058510820735,0.5411856552188974,,,,,,
0,train,btc_crypto_range_gk_60d__trend_filter,0.17059058510820735,0.5411856552188974,,,,,,
0,train,btc_crypto_range_gk_60d__vol_shock_throttle,0.17059058510820735,0.5411856552188974,,,,,,
0,train,btc_crypto_range_gk_60d__peg_aware_vol,0.17059058510820735,0.5411856552188974,,,,,,
0,train,btc_crypto_range_parkinson_20d__naive_scaling,0.21241885888554365,0.5362125164596002,,,,,,
0,train,btc_crypto_range_parkinson_20d__hysteresis,0.21241885888554365,0.5362125164596002,,,,,,
0,train,btc_crypto_range_parkinson_20d__vol_target_clip,0.21241885888554365,0.5362125164596002,,,,,,
0,train,btc_crypto_range_parkinson_20d__variance_scaling,0.21241885888554365,0.5362125164596002,,,,,,
0,train,btc_crypto_range_parkinson_20d__drawdown_brake,0.21241885888554365,0.5362125164596002,,,,,,
0,train,btc_crypto_range_parkinson_20d__drawdown_modulated,0.21241885888554365,0.5362125164596002,,,,,,
0,train,btc_crypto_range_parkinson_20d__priority_stack,0.21241885888554365,0.5362125164596002,,,,,,
0,train,btc_crypto_range_parkinson_20d__regime_switch,0.21241885888554365,0.5362125164596002,,,,,,
0,train,btc_crypto_range_parkinson_20d__trend_filter,0.21241885888554365,0.5362125164596002,,,,,,
0,train,btc_crypto_range_parkinson_20d__vol_shock_throttle,0.21241885888554365,0.5362125164596002,,,,,,
0,train,btc_crypto_range_parkinson_20d__peg_aware_vol,0.21241885888554365,0.5362125164596002,,,,,,
0,train,btc_crypto_composite_fast__naive_scaling,0.15228016702801428,0.5203923693927371,,,,,,
0,train,btc_crypto_composite_fast__hysteresis,0.15228016702801428,0.5203923693927371,,,,,,
0,train,btc_crypto_composite_fast__vol_target_clip,0.15228016702801428,0.5203923693927371,,,,,,
0,train,btc_crypto_composite_fast__variance_scaling,0.15228016702801428,0.5203923693927371,,,,,,
0,train,btc_crypto_composite_fast__drawdown_brake,0.15228016702801428,0.5203923693927371,,,,,,
0,train,btc_crypto_composite_fast__drawdown_modulated,0.15228016702801428,0.5203923693927371,,,,,,
0,train,btc_crypto_composite_fast__priority_stack,0.15228016702801428,0.5203923693927371,,,,,,
0,train,btc_crypto_composite_fast__regime_switch,0.15228016702801428,0.5203923693927371,,,,,,
0,train,btc_crypto_composite_fast__trend_filter,0.15228016702801428,0.5203923693927371,,,,,,
0,train,btc_crypto_composite_fast__vol_shock_throttle,0.15228016702801428,0.5203923693927371,,,,,,
0,train,btc_crypto_composite_fast__peg_aware_vol,0.15228016702801428,0.5203923693927371,,,,,,
0,train,btc_crypto_composite_balanced__naive_scaling,0.19194057681597182,0.5229182899789337,,,,,,
0,train,btc_crypto_composite_balanced__hysteresis,0.19194057681597182,0.5229182899789337,,,,,,
0,train,btc_crypto_composite_balanced__vol_target_clip,0.19194057681597182,0.5229182899789337,,,,,,
0,train,btc_crypto_composite_balanced__variance_scaling,0.19194057681597182,0.5229182899789337,,,,,,
0,train,btc_crypto_composite_balanced__drawdown_brake,0.19194057681597182,0.5229182899789337,,,,,,
0,train,btc_crypto_composite_balanced__drawdown_modulated,0.19194057681597182,0.5229182899789337,,,,,,
0,train,btc_crypto_composite_balanced__priority_stack,0.19194057681597182,0.5229182899789337,,,,,,
0,train,btc_crypto_composite_balanced__regime_switch,0.19194057681597182,0.5229182899789337,,,,,,
0,train,btc_crypto_composite_balanced__trend_filter,0.19194057681597182,0.5229182899789337,,,,,,
0,train,btc_crypto_composite_balanced__vol_shock_throttle,0.19194057681597182,0.5229182899789337,,,,,,
0,train,btc_crypto_composite_balanced__peg_aware_vol,0.19194057681597182,0.5229182899789337,,,,,,
0,train,btc_crypto_composite_slow__naive_scaling,0.15261145176329974,0.5261815468916491,,,,,,
0,train,btc_crypto_composite_slow__hysteresis,0.15261145176329974,0.5261815468916491,,,,,,
0,train,btc_crypto_composite_slow__vol_target_clip,0.15261145176329974,0.5261815468916491,,,,,,
0,train,btc_crypto_composite_slow__variance_scaling,0.15261145176329974,0.5261815468916491,,,,,,
0,train,btc_crypto_composite_slow__drawdown_brake,0.15261145176329974,0.5261815468916491,,,,,,
0,train,btc_crypto_composite_slow__drawdown_modulated,0.15261145176329974,0.5261815468916491,,,,,,
0,train,btc_crypto_composite_slow__priority_stack,0.15261145176329974,0.5261815468916491,,,,,,
0,train,btc_crypto_composite_slow__regime_switch,0.15261145176329974,0.5261815468916491,,,,,,
0,train,btc_crypto_composite_slow__trend_filter,0.15261145176329974,0.5261815468916491,,,,,,
0,train,btc_crypto_composite_slow__vol_shock_throttle,0.15261145176329974,0.5261815468916491,,,,,,
0,train,btc_crypto_composite_slow__peg_aware_vol,0.15261145176329974,0.5261815468916491,,,,,,
